"","x"
"1","A"
"2","AA"
"3","AAC"
"4","AAN"
"5","AAP"
"6","AAT"
"7","AB"
"8","ABB"
"9","ABBV"
"10","ABC"
"11","ABEV"
"12","ABG"
"13","ABM"
"14","ABR"
"15","ABT"
"16","AC"
"17","ACA"
"18","ACB"
"19","ACC"
"20","ACCO"
"21","ACH"
"22","ACM"
"23","ACN"
"24","ACP"
"25","ACRE"
"26","ACV"
"27","ADC"
"28","ADM"
"29","ADNT"
"30","ADS"
"31","ADSW"
"32","ADT"
"33","ADX"
"34","AEB"
"35","AED"
"36","AEE"
"37","AEG"
"38","AEH"
"39","AEL"
"40","AEM"
"41","AEO"
"42","AEP"
"43","AER"
"44","AES"
"45","AFB"
"46","AFC"
"47","AFG"
"48","AFGB"
"49","AFGE"
"50","AFGH"
"51","AFI"
"52","AFL"
"53","AFT"
"54","AG"
"55","AGCO"
"56","AGD"
"57","AGI"
"58","AGM"
"59","AGN"
"60","AGO"
"61","AGR"
"62","AGRO"
"63","AGS"
"64","AGX"
"65","AHC"
"66","AHH"
"67","AHT"
"68","AI"
"69","AIC"
"70","AIF"
"71","AIG"
"72","AIN"
"73","AIR"
"74","AIT"
"75","AIV"
"76","AIW"
"77","AIY"
"78","AIZ"
"79","AIZP"
"80","AJG"
"81","AJRD"
"82","AJX"
"83","AJXA"
"84","AKR"
"85","AKS"
"86","AL"
"87","ALB"
"88","ALC"
"89","ALE"
"90","ALEX"
"91","ALG"
"92","ALK"
"93","ALL"
"94","ALLE"
"95","ALLY"
"96","ALSN"
"97","ALV"
"98","ALX"
"99","AM"
"100","AMBR"
"101","AMC"
"102","AMCR"
"103","AME"
"104","AMG"
"105","AMH"
"106","AMID"
"107","AMN"
"108","AMOV"
"109","AMP"
"110","AMRC"
"111","AMRX"
"112","AMT"
"113","AMX"
"114","AN"
"115","ANDX"
"116","ANET"
"117","ANF"
"118","ANFI"
"119","ANH"
"120","ANTM"
"121","AOD"
"122","AON"
"123","AOS"
"124","AP"
"125","APA"
"126","APAM"
"127","APC"
"128","APD"
"129","APH"
"130","APHA"
"131","APLE"
"132","APO"
"133","APRN"
"134","APTS"
"135","APTV"
"136","APU"
"137","APY"
"138","AQ"
"139","AQN"
"140","AQNA"
"141","AQNB"
"142","AQUA"
"143","AR"
"144","ARA"
"145","ARC"
"146","ARCH"
"147","ARCO"
"148","ARD"
"149","ARDC"
"150","ARE"
"151","ARES"
"152","ARGD"
"153","ARGO"
"154","ARI"
"155","ARL"
"156","ARLO"
"157","ARMK"
"158","ARNC"
"159","AROC"
"160","ARR"
"161","ARW"
"162","ASA"
"163","ASB"
"164","ASC"
"165","ASG"
"166","ASGN"
"167","ASH"
"168","ASIX"
"169","ASPN"
"170","ASR"
"171","ASX"
"172","AT"
"173","ATEN"
"174","ATGE"
"175","ATH"
"176","ATHM"
"177","ATI"
"178","ATKR"
"179","ATO"
"180","ATR"
"181","ATTO"
"182","ATU"
"183","ATUS"
"184","ATV"
"185","AU"
"186","AUO"
"187","AUY"
"188","AVA"
"189","AVAL"
"190","AVB"
"191","AVD"
"192","AVH"
"193","AVK"
"194","AVLR"
"195","AVNS"
"196","AVP"
"197","AVTR"
"198","AVX"
"199","AVY"
"200","AVYA"
"201","AWF"
"202","AWI"
"203","AWK"
"204","AWP"
"205","AWR"
"206","AX"
"207","AXE"
"208","AXL"
"209","AXO"
"210","AXP"
"211","AXR"
"212","AXS"
"213","AXTA"
"214","AYI"
"215","AYR"
"216","AYX"
"217","AZN"
"218","AZO"
"219","AZRE"
"220","AZUL"
"221","AZZ"
"222","B"
"223","BA"
"224","BABA"
"225","BAC"
"226","BAF"
"227","BAH"
"228","BAM"
"229","BANC"
"230","BAP"
"231","BAS"
"232","BAX"
"233","BB"
"234","BBD"
"235","BBDC"
"236","BBDO"
"237","BBF"
"238","BBK"
"239","BBL"
"240","BBN"
"241","BBT"
"242","BBU"
"243","BBVA"
"244","BBW"
"245","BBX"
"246","BBY"
"247","BC"
"248","BCC"
"249","BCE"
"250","BCEI"
"251","BCH"
"252","BCO"
"253","BCRH"
"254","BCS"
"255","BCSF"
"256","BCX"
"257","BDC"
"258","BDJ"
"259","BDN"
"260","BDX"
"261","BDXA"
"262","BE"
"263","BEDU"
"264","BEN"
"265","BEP"
"266","BERY"
"267","BEST"
"268","BFAM"
"269","BFK"
"270","BFO"
"271","BFR"
"272","BFS"
"273","BFY"
"274","BFZ"
"275","BG"
"276","BGB"
"277","BGG"
"278","BGH"
"279","BGIO"
"280","BGR"
"281","BGS"
"282","BGT"
"283","BGX"
"284","BGY"
"285","BH"
"286","BHC"
"287","BHE"
"288","BHGE"
"289","BHK"
"290","BHLB"
"291","BHP"
"292","BHR"
"293","BHV"
"294","BHVN"
"295","BID"
"296","BIF"
"297","BIG"
"298","BIO"
"299","BIP"
"300","BIT"
"301","BITA"
"302","BJ"
"303","BK"
"304","BKD"
"305","BKE"
"306","BKH"
"307","BKI"
"308","BKK"
"309","BKN"
"310","BKS"
"311","BKT"
"312","BKU"
"313","BLD"
"314","BLE"
"315","BLK"
"316","BLL"
"317","BLW"
"318","BLX"
"319","BMA"
"320","BME"
"321","BMI"
"322","BMO"
"323","BMS"
"324","BMY"
"325","BNED"
"326","BNS"
"327","BNY"
"328","BOE"
"329","BOH"
"330","BOOT"
"331","BORN"
"332","BOX"
"333","BP"
"334","BPL"
"335","BPMP"
"336","BPT"
"337","BQH"
"338","BR"
"339","BRC"
"340","BRFS"
"341","BRO"
"342","BRPM"
"343","BRSS"
"344","BRT"
"345","BRX"
"346","BSA"
"347","BSAC"
"348","BSBR"
"349","BSD"
"350","BSE"
"351","BSIG"
"352","BSL"
"353","BSM"
"354","BSMX"
"355","BST"
"356","BSX"
"357","BT"
"358","BTA"
"359","BTE"
"360","BTI"
"361","BTO"
"362","BTT"
"363","BTU"
"364","BTZ"
"365","BUD"
"366","BUI"
"367","BURL"
"368","BV"
"369","BVN"
"370","BW"
"371","BWA"
"372","BWG"
"373","BWXT"
"374","BX"
"375","BXC"
"376","BXG"
"377","BXMT"
"378","BXMX"
"379","BXP"
"380","BXS"
"381","BY"
"382","BYD"
"383","BYM"
"384","BZH"
"385","BZM"
"386","C"
"387","CAAP"
"388","CABO"
"389","CACI"
"390","CADE"
"391","CAE"
"392","CAF"
"393","CAG"
"394","CAH"
"395","CAI"
"396","CAJ"
"397","CAL"
"398","CALX"
"399","CANG"
"400","CAPL"
"401","CARS"
"402","CAT"
"403","CATO"
"404","CB"
"405","CBB"
"406","CBD"
"407","CBH"
"408","CBL"
"409","CBM"
"410","CBPX"
"411","CBRE"
"412","CBS"
"413","CBT"
"414","CBU"
"415","CBZ"
"416","CC"
"417","CCC"
"418","CCEP"
"419","CCH"
"420","CCI"
"421","CCJ"
"422","CCK"
"423","CCL"
"424","CCM"
"425","CCO"
"426","CCR"
"427","CCS"
"428","CCU"
"429","CCZ"
"430","CDAY"
"431","CDE"
"432","CDR"
"433","CE"
"434","CEA"
"435","CEE"
"436","CEIX"
"437","CEL"
"438","CELP"
"439","CEM"
"440","CEN"
"441","CEO"
"442","CEPU"
"443","CEQP"
"444","CF"
"445","CFG"
"446","CFR"
"447","CFX"
"448","CFXA"
"449","CGA"
"450","CGC"
"451","CHA"
"452","CHAP"
"453","CHCT"
"454","CHD"
"455","CHE"
"456","CHGG"
"457","CHH"
"458","CHK"
"459","CHKR"
"460","CHL"
"461","CHMI"
"462","CHN"
"463","CHRA"
"464","CHS"
"465","CHSP"
"466","CHT"
"467","CHU"
"468","CI"
"469","CIA"
"470","CIB"
"471","CIC"
"472","CIEN"
"473","CIF"
"474","CIG"
"475","CII"
"476","CIM"
"477","CINR"
"478","CIO"
"479","CIR"
"480","CISN"
"481","CIT"
"482","CJ"
"483","CKH"
"484","CL"
"485","CLB"
"486","CLDR"
"487","CLDT"
"488","CLF"
"489","CLGX"
"490","CLH"
"491","CLI"
"492","CLNC"
"493","CLNY"
"494","CLPR"
"495","CLR"
"496","CLS"
"497","CLW"
"498","CLX"
"499","CM"
"500","CMA"
"501","CMC"
"502","CMCM"
"503","CMD"
"504","CMG"
"505","CMI"
"506","CMO"
"507","CMP"
"508","CMRE"
"509","CMS"
"510","CMSA"
"511","CMSC"
"512","CMSD"
"513","CMU"
"514","CNA"
"515","CNC"
"516","CNDT"
"517","CNF"
"518","CNHI"
"519","CNI"
"520","CNK"
"521","CNNE"
"522","CNO"
"523","CNP"
"524","CNQ"
"525","CNR"
"526","CNS"
"527","CNX"
"528","CNXM"
"529","CO"
"530","CODI"
"531","COE"
"532","COF"
"533","COG"
"534","COLD"
"535","COO"
"536","COP"
"537","COR"
"538","CORR"
"539","COT"
"540","COTY"
"541","CP"
"542","CPA"
"543","CPAC"
"544","CPB"
"545","CPE"
"546","CPF"
"547","CPG"
"548","CPK"
"549","CPL"
"550","CPLG"
"551","CPRI"
"552","CPS"
"553","CPT"
"554","CR"
"555","CRC"
"556","CRCM"
"557","CRH"
"558","CRI"
"559","CRK"
"560","CRL"
"561","CRM"
"562","CRR"
"563","CRS"
"564","CRT"
"565","CRY"
"566","CS"
"567","CSL"
"568","CSLT"
"569","CSS"
"570","CSTM"
"571","CSU"
"572","CSV"
"573","CTAA"
"574","CTB"
"575","CTBB"
"576","CTDD"
"577","CTK"
"578","CTL"
"579","CTLT"
"580","CTR"
"581","CTRA"
"582","CTS"
"583","CTST"
"584","CTT"
"585","CTV"
"586","CTVA"
"587","CTY"
"588","CTZ"
"589","CUB"
"590","CUBE"
"591","CUBI"
"592","CUK"
"593","CULP"
"594","CURO"
"595","CUZ"
"596","CVA"
"597","CVE"
"598","CVEO"
"599","CVI"
"600","CVIA"
"601","CVNA"
"602","CVS"
"603","CVX"
"604","CW"
"605","CWEN"
"606","CWH"
"607","CWK"
"608","CWT"
"609","CX"
"610","CXE"
"611","CXH"
"612","CXO"
"613","CXP"
"614","CXW"
"615","CYD"
"616","CYH"
"617","CZZ"
"618","D"
"619","DAC"
"620","DAL"
"621","DAN"
"622","DAR"
"623","DATA"
"624","DAVA"
"625","DB"
"626","DBD"
"627","DBI"
"628","DBL"
"629","DCF"
"630","DCI"
"631","DCO"
"632","DCP"
"633","DCUD"
"634","DD"
"635","DDD"
"636","DDF"
"637","DDS"
"638","DDT"
"639","DE"
"640","DEA"
"641","DECK"
"642","DEI"
"643","DELL"
"644","DEO"
"645","DESP"
"646","DEX"
"647","DF"
"648","DFIN"
"649","DFP"
"650","DFS"
"651","DG"
"652","DGX"
"653","DHF"
"654","DHI"
"655","DHR"
"656","DHT"
"657","DHX"
"658","DIAX"
"659","DIN"
"660","DIS"
"661","DK"
"662","DKL"
"663","DKS"
"664","DKT"
"665","DL"
"666","DLB"
"667","DLNG"
"668","DLPH"
"669","DLR"
"670","DLX"
"671","DMB"
"672","DMO"
"673","DNI"
"674","DNOW"
"675","DNP"
"676","DNR"
"677","DO"
"678","DOC"
"679","DOOR"
"680","DOV"
"681","DOW"
"682","DPG"
"683","DPLO"
"684","DPZ"
"685","DQ"
"686","DRD"
"687","DRE"
"688","DRH"
"689","DRI"
"690","DRQ"
"691","DRUA"
"692","DS"
"693","DSE"
"694","DSL"
"695","DSM"
"696","DSSI"
"697","DSU"
"698","DSX"
"699","DTE"
"700","DTF"
"701","DTJ"
"702","DTQ"
"703","DTV"
"704","DTW"
"705","DTY"
"706","DUC"
"707","DUK"
"708","DUKB"
"709","DUKH"
"710","DVA"
"711","DVD"
"712","DVN"
"713","DWDP"
"714","DX"
"715","DXB"
"716","DXC"
"717","DY"
"718","DYNC"
"719","E"
"720","EAB"
"721","EAE"
"722","EAF"
"723","EAI"
"724","EARN"
"725","EAT"
"726","EB"
"727","EBF"
"728","EBR"
"729","EBS"
"730","EC"
"731","ECA"
"732","ECC"
"733","ECCA"
"734","ECCB"
"735","ECCX"
"736","ECCY"
"737","ECL"
"738","ECOM"
"739","ECT"
"740","ED"
"741","EDD"
"742","EDF"
"743","EDI"
"744","EDN"
"745","EDU"
"746","EE"
"747","EEA"
"748","EEX"
"749","EFC"
"750","EFF"
"751","EFL"
"752","EFR"
"753","EFT"
"754","EFX"
"755","EGF"
"756","EGHT"
"757","EGIF"
"758","EGO"
"759","EGP"
"760","EGY"
"761","EHC"
"762","EHI"
"763","EHT"
"764","EIG"
"765","EIX"
"766","EL"
"767","ELAN"
"768","ELC"
"769","ELF"
"770","ELJ"
"771","ELP"
"772","ELS"
"773","ELU"
"774","ELVT"
"775","ELY"
"776","EMD"
"777","EME"
"778","EMES"
"779","EMF"
"780","EMN"
"781","EMO"
"782","EMP"
"783","EMR"
"784","ENB"
"785","ENBA"
"786","ENBL"
"787","ENIA"
"788","ENIC"
"789","ENJ"
"790","ENLC"
"791","ENO"
"792","ENR"
"793","ENS"
"794","ENV"
"795","ENVA"
"796","ENZ"
"797","EOD"
"798","EOG"
"799","EOI"
"800","EOS"
"801","EOT"
"802","EPAM"
"803","EPC"
"804","EPD"
"805","EPE"
"806","EPR"
"807","EPRT"
"808","EQC"
"809","EQH"
"810","EQM"
"811","EQNR"
"812","EQR"
"813","EQS"
"814","EQT"
"815","ERA"
"816","ERF"
"817","ERJ"
"818","EROS"
"819","ES"
"820","ESE"
"821","ESI"
"822","ESNT"
"823","ESRT"
"824","ESS"
"825","ESTC"
"826","ESTE"
"827","ESV"
"828","ET"
"829","ETB"
"830","ETG"
"831","ETH"
"832","ETJ"
"833","ETM"
"834","ETN"
"835","ETO"
"836","ETR"
"837","ETRN"
"838","ETV"
"839","ETW"
"840","ETX"
"841","ETY"
"842","EURN"
"843","EV"
"844","EVA"
"845","EVC"
"846","EVF"
"847","EVG"
"848","EVH"
"849","EVN"
"850","EVR"
"851","EVRG"
"852","EVRI"
"853","EVT"
"854","EVTC"
"855","EW"
"856","EXC"
"857","EXD"
"858","EXG"
"859","EXK"
"860","EXP"
"861","EXPR"
"862","EXR"
"863","EXTN"
"864","EZT"
"865","F"
"866","FAF"
"867","FAM"
"868","FBC"
"869","FBHS"
"870","FBK"
"871","FBM"
"872","FBP"
"873","FC"
"874","FCAU"
"875","FCF"
"876","FCN"
"877","FCPT"
"878","FCT"
"879","FCX"
"880","FDC"
"881","FDEU"
"882","FDP"
"883","FDS"
"884","FDX"
"885","FE"
"886","FEDU"
"887","FEI"
"888","FELP"
"889","FENG"
"890","FEO"
"891","FET"
"892","FF"
"893","FFA"
"894","FFC"
"895","FFG"
"896","FG"
"897","FGB"
"898","FGP"
"899","FHN"
"900","FI"
"901","FICO"
"902","FIF"
"903","FII"
"904","FINS"
"905","FIS"
"906","FIT"
"907","FIV"
"908","FIX"
"909","FL"
"910","FLC"
"911","FLO"
"912","FLOW"
"913","FLR"
"914","FLS"
"915","FLT"
"916","FLY"
"917","FMC"
"918","FMN"
"919","FMO"
"920","FMS"
"921","FMX"
"922","FMY"
"923","FN"
"924","FNB"
"925","FND"
"926","FNF"
"927","FNV"
"928","FOE"
"929","FOF"
"930","FOR"
"931","FPAC"
"932","FPF"
"933","FPH"
"934","FPI"
"935","FPL"
"936","FR"
"937","FRA"
"938","FRAC"
"939","FRC"
"940","FRO"
"941","FRT"
"942","FSB"
"943","FSD"
"944","FSK"
"945","FSLY"
"946","FSM"
"947","FSS"
"948","FT"
"949","FTAI"
"950","FTCH"
"951","FTI"
"952","FTK"
"953","FTS"
"954","FTSI"
"955","FTV"
"956","FUL"
"957","FUN"
"958","G"
"959","GAB"
"960","GAM"
"961","GATX"
"962","GBAB"
"963","GBL"
"964","GBX"
"965","GCAP"
"966","GCI"
"967","GCO"
"968","GCP"
"969","GCV"
"970","GD"
"971","GDDY"
"972","GDI"
"973","GDL"
"974","GDO"
"975","GDOT"
"976","GDV"
"977","GE"
"978","GEF"
"979","GEL"
"980","GEN"
"981","GEO"
"982","GER"
"983","GES"
"984","GF"
"985","GFF"
"986","GFI"
"987","GFY"
"988","GGB"
"989","GGG"
"990","GGM"
"991","GGT"
"992","GGZ"
"993","GHC"
"994","GHG"
"995","GHL"
"996","GHM"
"997","GHY"
"998","GIB"
"999","GIG"
"1000","GIL"
"1001","GIM"
"1002","GIS"
"1003","GJH"
"1004","GJO"
"1005","GJP"
"1006","GJR"
"1007","GJS"
"1008","GJT"
"1009","GJV"
"1010","GKOS"
"1011","GLOB"
"1012","GLOG"
"1013","GLOP"
"1014","GLP"
"1015","GLT"
"1016","GLW"
"1017","GM"
"1018","GME"
"1019","GMED"
"1020","GMRE"
"1021","GMS"
"1022","GMTA"
"1023","GMZ"
"1024","GNC"
"1025","GNE"
"1026","GNK"
"1027","GNL"
"1028","GNRC"
"1029","GNT"
"1030","GNW"
"1031","GOF"
"1032","GOL"
"1033","GOLD"
"1034","GOLF"
"1035","GOOS"
"1036","GPC"
"1037","GPI"
"1038","GPJA"
"1039","GPK"
"1040","GPM"
"1041","GPMT"
"1042","GPN"
"1043","GPRK"
"1044","GPS"
"1045","GPX"
"1046","GRA"
"1047","GRAF"
"1048","GRAM"
"1049","GRC"
"1050","GRUB"
"1051","GRX"
"1052","GS"
"1053","GSAH"
"1054","GSBD"
"1055","GSH"
"1056","GSK"
"1057","GSL"
"1058","GSX"
"1059","GTES"
"1060","GTN"
"1061","GTS"
"1062","GTT"
"1063","GTX"
"1064","GTY"
"1065","GUT"
"1066","GVA"
"1067","GWB"
"1068","GWR"
"1069","GWRE"
"1070","GWW"
"1071","GYB"
"1072","GYC"
"1073","H"
"1074","HAE"
"1075","HAL"
"1076","HASI"
"1077","HBB"
"1078","HBI"
"1079","HBM"
"1080","HCA"
"1081","HCC"
"1082","HCFT"
"1083","HCHC"
"1084","HCI"
"1085","HCLP"
"1086","HCP"
"1087","HCR"
"1088","HCXY"
"1089","HCXZ"
"1090","HD"
"1091","HDB"
"1092","HE"
"1093","HEI"
"1094","HEP"
"1095","HEQ"
"1096","HES"
"1097","HESM"
"1098","HF"
"1099","HFC"
"1100","HFRO"
"1101","HGH"
"1102","HGLB"
"1103","HGV"
"1104","HHC"
"1105","HHS"
"1106","HI"
"1107","HIE"
"1108","HIG"
"1109","HII"
"1110","HIL"
"1111","HIO"
"1112","HIVE"
"1113","HIW"
"1114","HIX"
"1115","HJV"
"1116","HK"
"1117","HL"
"1118","HLF"
"1119","HLI"
"1120","HLT"
"1121","HLX"
"1122","HMC"
"1123","HMI"
"1124","HMLP"
"1125","HMN"
"1126","HMY"
"1127","HNGR"
"1128","HNI"
"1129","HNP"
"1130","HOG"
"1131","HOME"
"1132","HON"
"1133","HOS"
"1134","HOV"
"1135","HP"
"1136","HPE"
"1137","HPF"
"1138","HPI"
"1139","HPP"
"1140","HPQ"
"1141","HPR"
"1142","HPS"
"1143","HQH"
"1144","HQL"
"1145","HR"
"1146","HRB"
"1147","HRC"
"1148","HRI"
"1149","HRL"
"1150","HRS"
"1151","HRTG"
"1152","HSBC"
"1153","HSC"
"1154","HST"
"1155","HSY"
"1156","HT"
"1157","HTA"
"1158","HTD"
"1159","HTFA"
"1160","HTGC"
"1161","HTH"
"1162","HTY"
"1163","HTZ"
"1164","HUBB"
"1165","HUBS"
"1166","HUD"
"1167","HUM"
"1168","HUN"
"1169","HUYA"
"1170","HVT"
"1171","HXL"
"1172","HY"
"1173","HYB"
"1174","HYI"
"1175","HYT"
"1176","HZN"
"1177","HZO"
"1178","I"
"1179","IAE"
"1180","IAG"
"1181","IBA"
"1182","IBM"
"1183","IBN"
"1184","IBP"
"1185","ICD"
"1186","ICE"
"1187","ICL"
"1188","IDA"
"1189","IDE"
"1190","IDT"
"1191","IEX"
"1192","IFF"
"1193","IFFT"
"1194","IFN"
"1195","IGA"
"1196","IGD"
"1197","IGI"
"1198","IGR"
"1199","IGT"
"1200","IHC"
"1201","IHD"
"1202","IHG"
"1203","IHIT"
"1204","IHTA"
"1205","IID"
"1206","IIF"
"1207","IIM"
"1208","IIPR"
"1209","IMAX"
"1210","INB"
"1211","INF"
"1212","INFY"
"1213","ING"
"1214","INGR"
"1215","INN"
"1216","INSI"
"1217","INSP"
"1218","INST"
"1219","INSW"
"1220","INT"
"1221","INVH"
"1222","INXN"
"1223","IO"
"1224","IP"
"1225","IPG"
"1226","IPHI"
"1227","IPI"
"1228","IPOA"
"1229","IQI"
"1230","IQV"
"1231","IR"
"1232","IRET"
"1233","IRL"
"1234","IRM"
"1235","IRR"
"1236","IRS"
"1237","IRT"
"1238","ISD"
"1239","ISF"
"1240","ISG"
"1241","IT"
"1242","ITCB"
"1243","ITGR"
"1244","ITT"
"1245","ITUB"
"1246","ITW"
"1247","IVC"
"1248","IVH"
"1249","IVR"
"1250","IVZ"
"1251","IX"
"1252","JAG"
"1253","JAX"
"1254","JBGS"
"1255","JBK"
"1256","JBL"
"1257","JBN"
"1258","JBR"
"1259","JBT"
"1260","JCAP"
"1261","JCE"
"1262","JCI"
"1263","JCO"
"1264","JCP"
"1265","JDD"
"1266","JE"
"1267","JEC"
"1268","JEF"
"1269","JELD"
"1270","JEMD"
"1271","JEQ"
"1272","JFR"
"1273","JGH"
"1274","JHAA"
"1275","JHB"
"1276","JHD"
"1277","JHG"
"1278","JHI"
"1279","JHS"
"1280","JHX"
"1281","JHY"
"1282","JILL"
"1283","JKS"
"1284","JLL"
"1285","JLS"
"1286","JMEI"
"1287","JMF"
"1288","JMIA"
"1289","JMLP"
"1290","JMM"
"1291","JMP"
"1292","JMPB"
"1293","JMPD"
"1294","JMT"
"1295","JNJ"
"1296","JNPR"
"1297","JOE"
"1298","JOF"
"1299","JP"
"1300","JPC"
"1301","JPI"
"1302","JPM"
"1303","JPS"
"1304","JPT"
"1305","JQC"
"1306","JRI"
"1307","JRO"
"1308","JRS"
"1309","JSD"
"1310","JT"
"1311","JTA"
"1312","JTD"
"1313","JWN"
"1314","K"
"1315","KAI"
"1316","KAMN"
"1317","KAR"
"1318","KB"
"1319","KBH"
"1320","KBR"
"1321","KDMN"
"1322","KDP"
"1323","KEG"
"1324","KEM"
"1325","KEN"
"1326","KEP"
"1327","KEX"
"1328","KEY"
"1329","KEYS"
"1330","KF"
"1331","KFS"
"1332","KFY"
"1333","KGC"
"1334","KIM"
"1335","KIO"
"1336","KKR"
"1337","KL"
"1338","KMB"
"1339","KMF"
"1340","KMI"
"1341","KMPA"
"1342","KMPR"
"1343","KMT"
"1344","KMX"
"1345","KN"
"1346","KNL"
"1347","KNOP"
"1348","KNX"
"1349","KO"
"1350","KODK"
"1351","KOF"
"1352","KOP"
"1353","KOS"
"1354","KR"
"1355","KRA"
"1356","KRC"
"1357","KREF"
"1358","KRG"
"1359","KRO"
"1360","KRP"
"1361","KSM"
"1362","KSS"
"1363","KSU"
"1364","KT"
"1365","KTB"
"1366","KTF"
"1367","KTH"
"1368","KTN"
"1369","KTP"
"1370","KW"
"1371","KWR"
"1372","KYN"
"1373","L"
"1374","LAC"
"1375","LAD"
"1376","LADR"
"1377","LAIX"
"1378","LAZ"
"1379","LB"
"1380","LBRT"
"1381","LC"
"1382","LCI"
"1383","LCII"
"1384","LDL"
"1385","LDOS"
"1386","LDP"
"1387","LEA"
"1388","LEAF"
"1389","LEE"
"1390","LEG"
"1391","LEJU"
"1392","LEN"
"1393","LEO"
"1394","LEVI"
"1395","LFC"
"1396","LGC"
"1397","LGI"
"1398","LH"
"1399","LHC"
"1400","LII"
"1401","LIN"
"1402","LITB"
"1403","LKSD"
"1404","LL"
"1405","LLL"
"1406","LLY"
"1407","LM"
"1408","LMHA"
"1409","LMHB"
"1410","LMT"
"1411","LN"
"1412","LNC"
"1413","LND"
"1414","LNN"
"1415","LOMA"
"1416","LOR"
"1417","LOW"
"1418","LPG"
"1419","LPI"
"1420","LPL"
"1421","LPT"
"1422","LPX"
"1423","LRN"
"1424","LSI"
"1425","LTC"
"1426","LTHM"
"1427","LTM"
"1428","LUB"
"1429","LUV"
"1430","LVS"
"1431","LW"
"1432","LXFR"
"1433","LXFT"
"1434","LXP"
"1435","LXU"
"1436","LYB"
"1437","LYG"
"1438","LYV"
"1439","LZB"
"1440","M"
"1441","MA"
"1442","MAA"
"1443","MAC"
"1444","MAIN"
"1445","MAN"
"1446","MANU"
"1447","MAS"
"1448","MATX"
"1449","MAV"
"1450","MAXR"
"1451","MBI"
"1452","MBT"
"1453","MC"
"1454","MCA"
"1455","MCB"
"1456","MCC"
"1457","MCD"
"1458","MCI"
"1459","MCK"
"1460","MCN"
"1461","MCO"
"1462","MCR"
"1463","MCRN"
"1464","MCS"
"1465","MCV"
"1466","MCX"
"1467","MCY"
"1468","MD"
"1469","MDC"
"1470","MDLQ"
"1471","MDLX"
"1472","MDLY"
"1473","MDP"
"1474","MDR"
"1475","MDT"
"1476","MDU"
"1477","MEC"
"1478","MED"
"1479","MEI"
"1480","MEN"
"1481","MET"
"1482","MFA"
"1483","MFAC"
"1484","MFC"
"1485","MFCB"
"1486","MFD"
"1487","MFG"
"1488","MFGP"
"1489","MFL"
"1490","MFM"
"1491","MFO"
"1492","MFT"
"1493","MFV"
"1494","MG"
"1495","MGA"
"1496","MGF"
"1497","MGM"
"1498","MGP"
"1499","MGR"
"1500","MGU"
"1501","MGY"
"1502","MHD"
"1503","MHE"
"1504","MHF"
"1505","MHI"
"1506","MHK"
"1507","MHLA"
"1508","MHN"
"1509","MHNC"
"1510","MHO"
"1511","MIC"
"1512","MIE"
"1513","MIN"
"1514","MITT"
"1515","MIXT"
"1516","MIY"
"1517","MKC"
"1518","MKL"
"1519","MLI"
"1520","MLM"
"1521","MLP"
"1522","MLR"
"1523","MMC"
"1524","MMD"
"1525","MMI"
"1526","MMM"
"1527","MMP"
"1528","MMS"
"1529","MMT"
"1530","MMU"
"1531","MN"
"1532","MNE"
"1533","MNK"
"1534","MNP"
"1535","MNR"
"1536","MNRL"
"1537","MO"
"1538","MOD"
"1539","MODN"
"1540","MOGU"
"1541","MOH"
"1542","MOS"
"1543","MOSC"
"1544","MOV"
"1545","MPA"
"1546","MPC"
"1547","MPLX"
"1548","MPO"
"1549","MPV"
"1550","MPW"
"1551","MPX"
"1552","MQT"
"1553","MQY"
"1554","MR"
"1555","MRC"
"1556","MRK"
"1557","MRO"
"1558","MS"
"1559","MSA"
"1560","MSB"
"1561","MSC"
"1562","MSCI"
"1563","MSD"
"1564","MSG"
"1565","MSGN"
"1566","MSI"
"1567","MSL"
"1568","MSM"
"1569","MT"
"1570","MTB"
"1571","MTD"
"1572","MTDR"
"1573","MTG"
"1574","MTH"
"1575","MTL"
"1576","MTN"
"1577","MTOR"
"1578","MTR"
"1579","MTRN"
"1580","MTT"
"1581","MTW"
"1582","MTX"
"1583","MTZ"
"1584","MUA"
"1585","MUC"
"1586","MUE"
"1587","MUFG"
"1588","MUH"
"1589","MUI"
"1590","MUJ"
"1591","MUR"
"1592","MUS"
"1593","MUSA"
"1594","MUX"
"1595","MVC"
"1596","MVCD"
"1597","MVF"
"1598","MVO"
"1599","MVT"
"1600","MWA"
"1601","MX"
"1602","MXE"
"1603","MXF"
"1604","MXL"
"1605","MYC"
"1606","MYD"
"1607","MYE"
"1608","MYF"
"1609","MYI"
"1610","MYJ"
"1611","MYN"
"1612","MYOV"
"1613","MZA"
"1614","NAC"
"1615","NAD"
"1616","NAN"
"1617","NAO"
"1618","NAT"
"1619","NAV"
"1620","NAZ"
"1621","NBB"
"1622","NBHC"
"1623","NBL"
"1624","NBLX"
"1625","NBR"
"1626","NC"
"1627","NCA"
"1628","NCB"
"1629","NCI"
"1630","NCLH"
"1631","NCR"
"1632","NCS"
"1633","NCV"
"1634","NCZ"
"1635","NDP"
"1636","NE"
"1637","NEA"
"1638","NEE"
"1639","NEM"
"1640","NEP"
"1641","NETS"
"1642","NEU"
"1643","NEV"
"1644","NEW"
"1645","NEWM"
"1646","NEWR"
"1647","NEXA"
"1648","NFC"
"1649","NFG"
"1650","NFJ"
"1651","NGG"
"1652","NGL"
"1653","NGS"
"1654","NGVC"
"1655","NGVT"
"1656","NHA"
"1657","NHF"
"1658","NHI"
"1659","NI"
"1660","NID"
"1661","NIE"
"1662","NIM"
"1663","NINE"
"1664","NIO"
"1665","NIQ"
"1666","NJR"
"1667","NJV"
"1668","NKE"
"1669","NKG"
"1670","NKX"
"1671","NL"
"1672","NLS"
"1673","NLSN"
"1674","NLY"
"1675","NM"
"1676","NMFC"
"1677","NMFX"
"1678","NMI"
"1679","NMM"
"1680","NMR"
"1681","NMS"
"1682","NMT"
"1683","NMY"
"1684","NMZ"
"1685","NNA"
"1686","NNC"
"1687","NNI"
"1688","NNN"
"1689","NNY"
"1690","NOA"
"1691","NOAH"
"1692","NOC"
"1693","NOK"
"1694","NOM"
"1695","NOMD"
"1696","NOV"
"1697","NOW"
"1698","NP"
"1699","NPK"
"1700","NPN"
"1701","NPO"
"1702","NPTN"
"1703","NPV"
"1704","NQP"
"1705","NR"
"1706","NRE"
"1707","NRG"
"1708","NRGX"
"1709","NRK"
"1710","NRP"
"1711","NRT"
"1712","NRUC"
"1713","NRZ"
"1714","NS"
"1715","NSA"
"1716","NSC"
"1717","NSL"
"1718","NSP"
"1719","NSS"
"1720","NTB"
"1721","NTC"
"1722","NTG"
"1723","NTP"
"1724","NTR"
"1725","NTX"
"1726","NTZ"
"1727","NUE"
"1728","NUM"
"1729","NUO"
"1730","NUS"
"1731","NUV"
"1732","NUW"
"1733","NVG"
"1734","NVGS"
"1735","NVO"
"1736","NVR"
"1737","NVRO"
"1738","NVS"
"1739","NVT"
"1740","NVTA"
"1741","NWE"
"1742","NWHM"
"1743","NWN"
"1744","NX"
"1745","NXC"
"1746","NXJ"
"1747","NXN"
"1748","NXP"
"1749","NXQ"
"1750","NXR"
"1751","NXRT"
"1752","NYCB"
"1753","NYT"
"1754","NYV"
"1755","NZF"
"1756","O"
"1757","OAK"
"1758","OAS"
"1759","OBE"
"1760","OC"
"1761","OCN"
"1762","ODC"
"1763","OEC"
"1764","OFC"
"1765","OFG"
"1766","OGE"
"1767","OGS"
"1768","OHI"
"1769","OI"
"1770","OIA"
"1771","OII"
"1772","OIS"
"1773","OKE"
"1774","OLN"
"1775","OLP"
"1776","OMAD"
"1777","OMC"
"1778","OMF"
"1779","OMI"
"1780","OMN"
"1781","OMP"
"1782","ONDK"
"1783","ONE"
"1784","OOMA"
"1785","OPP"
"1786","OPY"
"1787","OR"
"1788","ORA"
"1789","ORAN"
"1790","ORC"
"1791","ORCL"
"1792","ORI"
"1793","ORN"
"1794","OSB"
"1795","OSG"
"1796","OSK"
"1797","OSLE"
"1798","OUT"
"1799","OXM"
"1800","OXY"
"1801","OZM"
"1802","PAA"
"1803","PAC"
"1804","PACD"
"1805","PACK"
"1806","PAG"
"1807","PAGP"
"1808","PAGS"
"1809","PAI"
"1810","PAM"
"1811","PANW"
"1812","PAR"
"1813","PARR"
"1814","PAYC"
"1815","PB"
"1816","PBA"
"1817","PBB"
"1818","PBC"
"1819","PBF"
"1820","PBFX"
"1821","PBH"
"1822","PBI"
"1823","PBR"
"1824","PBT"
"1825","PBY"
"1826","PCF"
"1827","PCG"
"1828","PCI"
"1829","PCK"
"1830","PCM"
"1831","PCN"
"1832","PCQ"
"1833","PD"
"1834","PDI"
"1835","PDM"
"1836","PDS"
"1837","PDT"
"1838","PE"
"1839","PEB"
"1840","PEG"
"1841","PEI"
"1842","PEN"
"1843","PEO"
"1844","PER"
"1845","PES"
"1846","PFD"
"1847","PFE"
"1848","PFGC"
"1849","PFH"
"1850","PFL"
"1851","PFN"
"1852","PFO"
"1853","PFS"
"1854","PFSI"
"1855","PG"
"1856","PGP"
"1857","PGR"
"1858","PGRE"
"1859","PGTI"
"1860","PGZ"
"1861","PH"
"1862","PHD"
"1863","PHG"
"1864","PHI"
"1865","PHK"
"1866","PHM"
"1867","PHT"
"1868","PHX"
"1869","PII"
"1870","PIM"
"1871","PINS"
"1872","PIR"
"1873","PIY"
"1874","PJC"
"1875","PJH"
"1876","PJT"
"1877","PK"
"1878","PKD"
"1879","PKE"
"1880","PKG"
"1881","PKI"
"1882","PKO"
"1883","PKX"
"1884","PLAN"
"1885","PLD"
"1886","PLNT"
"1887","PLOW"
"1888","PLT"
"1889","PM"
"1890","PMF"
"1891","PML"
"1892","PMM"
"1893","PMO"
"1894","PMT"
"1895","PMX"
"1896","PNC"
"1897","PNF"
"1898","PNI"
"1899","PNM"
"1900","PNR"
"1901","PNW"
"1902","POL"
"1903","POR"
"1904","POST"
"1905","PPDF"
"1906","PPG"
"1907","PPL"
"1908","PPR"
"1909","PPT"
"1910","PPX"
"1911","PQG"
"1912","PRA"
"1913","PRGO"
"1914","PRH"
"1915","PRI"
"1916","PRLB"
"1917","PRO"
"1918","PRS"
"1919","PRSP"
"1920","PRT"
"1921","PRTY"
"1922","PRU"
"1923","PSA"
"1924","PSB"
"1925","PSF"
"1926","PSN"
"1927","PSO"
"1928","PSTG"
"1929","PSTL"
"1930","PSV"
"1931","PSX"
"1932","PSXP"
"1933","PTR"
"1934","PTY"
"1935","PUK"
"1936","PUMP"
"1937","PVG"
"1938","PVH"
"1939","PVL"
"1940","PVT"
"1941","PVTL"
"1942","PWR"
"1943","PXD"
"1944","PYN"
"1945","PYS"
"1946","PYT"
"1947","PYX"
"1948","PZC"
"1949","PZN"
"1950","QD"
"1951","QEP"
"1952","QES"
"1953","QGEN"
"1954","QHC"
"1955","QSR"
"1956","QTS"
"1957","QTWO"
"1958","QUAD"
"1959","QUOT"
"1960","QVCD"
"1961","R"
"1962","RA"
"1963","RACE"
"1964","RAD"
"1965","RAMP"
"1966","RBA"
"1967","RBC"
"1968","RBS"
"1969","RC"
"1970","RCA"
"1971","RCI"
"1972","RCL"
"1973","RCP"
"1974","RCS"
"1975","RCUS"
"1976","RDN"
"1977","RDY"
"1978","RE"
"1979","RELX"
"1980","RENN"
"1981","RES"
"1982","RESI"
"1983","REV"
"1984","REVG"
"1985","REX"
"1986","REXR"
"1987","REZI"
"1988","RF"
"1989","RFI"
"1990","RFP"
"1991","RGA"
"1992","RGR"
"1993","RGS"
"1994","RGT"
"1995","RH"
"1996","RHI"
"1997","RHP"
"1998","RHT"
"1999","RIG"
"2000","RIO"
"2001","RIV"
"2002","RJF"
"2003","RL"
"2004","RLGY"
"2005","RLH"
"2006","RLI"
"2007","RLJ"
"2008","RM"
"2009","RMAX"
"2010","RMD"
"2011","RMED"
"2012","RMG"
"2013","RMI"
"2014","RMT"
"2015","RNG"
"2016","RNGR"
"2017","RNP"
"2018","RNR"
"2019","ROAN"
"2020","ROG"
"2021","ROK"
"2022","ROL"
"2023","ROP"
"2024","ROYT"
"2025","RPAI"
"2026","RPLA"
"2027","RPM"
"2028","RPT"
"2029","RQI"
"2030","RRC"
"2031","RRD"
"2032","RRTS"
"2033","RS"
"2034","RSF"
"2035","RSG"
"2036","RST"
"2037","RTEC"
"2038","RTN"
"2039","RTW"
"2040","RUBI"
"2041","RVI"
"2042","RVLV"
"2043","RVT"
"2044","RWGE"
"2045","RWT"
"2046","RXN"
"2047","RY"
"2048","RYAM"
"2049","RYB"
"2050","RYI"
"2051","RYN"
"2052","RZA"
"2053","RZB"
"2054","S"
"2055","SA"
"2056","SAB"
"2057","SAF"
"2058","SAFE"
"2059","SAH"
"2060","SAIC"
"2061","SAIL"
"2062","SALT"
"2063","SAM"
"2064","SAN"
"2065","SAP"
"2066","SAR"
"2067","SAVE"
"2068","SB"
"2069","SBGL"
"2070","SBH"
"2071","SBI"
"2072","SBNA"
"2073","SBOW"
"2074","SBR"
"2075","SBS"
"2076","SC"
"2077","SCA"
"2078","SCCO"
"2079","SCD"
"2080","SCHW"
"2081","SCI"
"2082","SCL"
"2083","SCM"
"2084","SCS"
"2085","SCX"
"2086","SD"
"2087","SDLP"
"2088","SDR"
"2089","SDRL"
"2090","SDT"
"2091","SE"
"2092","SEAS"
"2093","SEE"
"2094","SEM"
"2095","SEMG"
"2096","SERV"
"2097","SF"
"2098","SFB"
"2099","SFE"
"2100","SFL"
"2101","SFS"
"2102","SFUN"
"2103","SGU"
"2104","SHAK"
"2105","SHG"
"2106","SHI"
"2107","SHLL"
"2108","SHLX"
"2109","SHO"
"2110","SHOP"
"2111","SHW"
"2112","SID"
"2113","SIG"
"2114","SITC"
"2115","SITE"
"2116","SIX"
"2117","SJI"
"2118","SJIU"
"2119","SJM"
"2120","SJR"
"2121","SJT"
"2122","SJW"
"2123","SKM"
"2124","SKT"
"2125","SKX"
"2126","SKY"
"2127","SLB"
"2128","SLCA"
"2129","SLF"
"2130","SLG"
"2131","SLTB"
"2132","SM"
"2133","SMAR"
"2134","SMFG"
"2135","SMG"
"2136","SMHI"
"2137","SMI"
"2138","SMLP"
"2139","SMM"
"2140","SMP"
"2141","SMTA"
"2142","SNA"
"2143","SNAP"
"2144","SNDR"
"2145","SNE"
"2146","SNN"
"2147","SNP"
"2148","SNR"
"2149","SNV"
"2150","SNX"
"2151","SO"
"2152","SOGO"
"2153","SOI"
"2154","SOJA"
"2155","SOJB"
"2156","SOJC"
"2157","SOL"
"2158","SON"
"2159","SOR"
"2160","SPAQ"
"2161","SPB"
"2162","SPE"
"2163","SPG"
"2164","SPGI"
"2165","SPH"
"2166","SPLP"
"2167","SPN"
"2168","SPOT"
"2169","SPR"
"2170","SPXC"
"2171","SPXX"
"2172","SQ"
"2173","SQM"
"2174","SQNS"
"2175","SR"
"2176","SRC"
"2177","SRE"
"2178","SRF"
"2179","SRG"
"2180","SRI"
"2181","SRL"
"2182","SRLP"
"2183","SRT"
"2184","SRV"
"2185","SSD"
"2186","SSI"
"2187","SSL"
"2188","SSTK"
"2189","SSW"
"2190","SSWA"
"2191","ST"
"2192","STAG"
"2193","STAR"
"2194","STC"
"2195","STE"
"2196","STG"
"2197","STI"
"2198","STK"
"2199","STL"
"2200","STM"
"2201","STN"
"2202","STNG"
"2203","STON"
"2204","STOR"
"2205","STT"
"2206","STWD"
"2207","STZ"
"2208","SU"
"2209","SUI"
"2210","SUM"
"2211","SUN"
"2212","SUP"
"2213","SUPV"
"2214","SUZ"
"2215","SWCH"
"2216","SWI"
"2217","SWJ"
"2218","SWK"
"2219","SWM"
"2220","SWN"
"2221","SWP"
"2222","SWX"
"2223","SWZ"
"2224","SXC"
"2225","SXCP"
"2226","SXI"
"2227","SXT"
"2228","SYF"
"2229","SYK"
"2230","SYX"
"2231","SYY"
"2232","SZC"
"2233","T"
"2234","TAC"
"2235","TAK"
"2236","TAL"
"2237","TALO"
"2238","TAP"
"2239","TARO"
"2240","TBB"
"2241","TBC"
"2242","TBI"
"2243","TCF"
"2244","TCI"
"2245","TCO"
"2246","TCP"
"2247","TCRW"
"2248","TCRZ"
"2249","TCS"
"2250","TD"
"2251","TDA"
"2252","TDC"
"2253","TDE"
"2254","TDF"
"2255","TDG"
"2256","TDI"
"2257","TDJ"
"2258","TDOC"
"2259","TDS"
"2260","TDW"
"2261","TDY"
"2262","TEAF"
"2263","TECK"
"2264","TEF"
"2265","TEI"
"2266","TEL"
"2267","TEN"
"2268","TEO"
"2269","TEVA"
"2270","TEX"
"2271","TFX"
"2272","TG"
"2273","TGE"
"2274","TGH"
"2275","TGI"
"2276","TGNA"
"2277","TGP"
"2278","TGS"
"2279","TGT"
"2280","THC"
"2281","THG"
"2282","THGA"
"2283","THO"
"2284","THQ"
"2285","THR"
"2286","THS"
"2287","THW"
"2288","TI"
"2289","TIER"
"2290","TIF"
"2291","TISI"
"2292","TJX"
"2293","TK"
"2294","TKC"
"2295","TKR"
"2296","TLI"
"2297","TLK"
"2298","TLRA"
"2299","TLRD"
"2300","TLYS"
"2301","TM"
"2302","TME"
"2303","TMHC"
"2304","TMK"
"2305","TMO"
"2306","TMST"
"2307","TNC"
"2308","TNET"
"2309","TNK"
"2310","TNP"
"2311","TOL"
"2312","TOO"
"2313","TOT"
"2314","TOWR"
"2315","TPB"
"2316","TPC"
"2317","TPGH"
"2318","TPH"
"2319","TPL"
"2320","TPR"
"2321","TPRE"
"2322","TPVG"
"2323","TPVY"
"2324","TPX"
"2325","TPZ"
"2326","TR"
"2327","TRC"
"2328","TRCO"
"2329","TREC"
"2330","TREX"
"2331","TRGP"
"2332","TRI"
"2333","TRK"
"2334","TRN"
"2335","TRNE"
"2336","TRNO"
"2337","TROX"
"2338","TRP"
"2339","TRQ"
"2340","TRTN"
"2341","TRTX"
"2342","TRU"
"2343","TRV"
"2344","TRWH"
"2345","TS"
"2346","TSE"
"2347","TSI"
"2348","TSLF"
"2349","TSLX"
"2350","TSM"
"2351","TSN"
"2352","TSQ"
"2353","TSS"
"2354","TSU"
"2355","TTC"
"2356","TTI"
"2357","TTM"
"2358","TTP"
"2359","TU"
"2360","TUFN"
"2361","TUP"
"2362","TV"
"2363","TVC"
"2364","TVE"
"2365","TVPT"
"2366","TWI"
"2367","TWLO"
"2368","TWN"
"2369","TWO"
"2370","TWTR"
"2371","TX"
"2372","TXT"
"2373","TY"
"2374","TYG"
"2375","TYL"
"2376","UA"
"2377","UAA"
"2378","UAN"
"2379","UBA"
"2380","UBER"
"2381","UBP"
"2382","UBS"
"2383","UDR"
"2384","UE"
"2385","UFI"
"2386","UFS"
"2387","UGI"
"2388","UGP"
"2389","UHS"
"2390","UHT"
"2391","UIS"
"2392","UL"
"2393","UMC"
"2394","UMH"
"2395","UN"
"2396","UNF"
"2397","UNFI"
"2398","UNH"
"2399","UNM"
"2400","UNMA"
"2401","UNP"
"2402","UNT"
"2403","UNVR"
"2404","UPS"
"2405","URI"
"2406","USA"
"2407","USAC"
"2408","USB"
"2409","USDP"
"2410","USFD"
"2411","USM"
"2412","USNA"
"2413","USPH"
"2414","USX"
"2415","UTF"
"2416","UTI"
"2417","UTL"
"2418","UTX"
"2419","UVE"
"2420","UVV"
"2421","UZA"
"2422","UZB"
"2423","UZC"
"2424","V"
"2425","VAC"
"2426","VALE"
"2427","VAM"
"2428","VAPO"
"2429","VAR"
"2430","VBF"
"2431","VCIF"
"2432","VCRA"
"2433","VCV"
"2434","VEC"
"2435","VEDL"
"2436","VEEV"
"2437","VER"
"2438","VET"
"2439","VFC"
"2440","VG"
"2441","VGI"
"2442","VGM"
"2443","VGR"
"2444","VHI"
"2445","VICI"
"2446","VIPS"
"2447","VIV"
"2448","VJET"
"2449","VKQ"
"2450","VLO"
"2451","VLRS"
"2452","VLT"
"2453","VMC"
"2454","VMI"
"2455","VMO"
"2456","VMW"
"2457","VNCE"
"2458","VNE"
"2459","VNO"
"2460","VNTR"
"2461","VOC"
"2462","VOYA"
"2463","VPG"
"2464","VPV"
"2465","VRS"
"2466","VRTV"
"2467","VSH"
"2468","VSI"
"2469","VSLR"
"2470","VSM"
"2471","VST"
"2472","VSTO"
"2473","VTA"
"2474","VTN"
"2475","VTR"
"2476","VVI"
"2477","VVR"
"2478","VVV"
"2479","VZ"
"2480","W"
"2481","WAAS"
"2482","WAB"
"2483","WAGE"
"2484","WAIR"
"2485","WAL"
"2486","WALA"
"2487","WAT"
"2488","WBAI"
"2489","WBC"
"2490","WBK"
"2491","WBS"
"2492","WBT"
"2493","WCC"
"2494","WCG"
"2495","WCN"
"2496","WD"
"2497","WDR"
"2498","WEA"
"2499","WEC"
"2500","WEI"
"2501","WELL"
"2502","WES"
"2503","WEX"
"2504","WF"
"2505","WFC"
"2506","WGO"
"2507","WH"
"2508","WHD"
"2509","WHG"
"2510","WHR"
"2511","WIA"
"2512","WIT"
"2513","WIW"
"2514","WK"
"2515","WLH"
"2516","WLK"
"2517","WLKP"
"2518","WLL"
"2519","WM"
"2520","WMB"
"2521","WMC"
"2522","WMK"
"2523","WMS"
"2524","WMT"
"2525","WNC"
"2526","WNS"
"2527","WOR"
"2528","WOW"
"2529","WP"
"2530","WPC"
"2531","WPG"
"2532","WPM"
"2533","WPP"
"2534","WPX"
"2535","WRB"
"2536","WRE"
"2537","WRI"
"2538","WRK"
"2539","WSM"
"2540","WSO"
"2541","WSR"
"2542","WST"
"2543","WTI"
"2544","WTM"
"2545","WTR"
"2546","WTRU"
"2547","WTS"
"2548","WTTR"
"2549","WU"
"2550","WUBA"
"2551","WWE"
"2552","WWW"
"2553","WY"
"2554","WYND"
"2555","X"
"2556","XAN"
"2557","XEC"
"2558","XFLT"
"2559","XHR"
"2560","XIN"
"2561","XOM"
"2562","XPO"
"2563","XRF"
"2564","XRX"
"2565","XYF"
"2566","XYL"
"2567","Y"
"2568","YELP"
"2569","YETI"
"2570","YEXT"
"2571","YPF"
"2572","YRD"
"2573","YUM"
"2574","YUMC"
"2575","ZAYO"
"2576","ZBH"
"2577","ZBK"
"2578","ZEN"
"2579","ZF"
"2580","ZNH"
"2581","ZTO"
"2582","ZTR"
"2583","ZTS"
"2584","ZUO"
"2585","ZYME"
